{"cameraMode":{"drawMode":0,"name":"Shaded","section":"Shading Mode"},"sceneLighting":true,"audioPlay":false,"sceneViewState":{"showFog":true,"showMaterialUpdate":false,"showSkybox":true,"showFlares":true,"showImageEffects":true,"showParticleSystems":true},"in2DMode":false,"pivot":{"x":323.7919006347656,"y":-981.3504028320313,"z":828.3685913085938},"rotation":{"x":-0.5078588128089905,"y":-0.01730451174080372,"z":0.010201642289757729,"w":-0.8612174391746521},"size":2206.78466796875,"orthographic":false}